device;training_samples;validation_samples;test_samples;batch_size;loss_function;random_seed;hidden_layer_size;learning_rate;momentum;epochs;epoch;phase;accuracy;loss;duration
cuda;48000;12000;10000;1024;CrossEntropyLoss();2167;64;0.01;0.1;5;1;TRAIN;17.7%;2.268513;21.392470
cuda;48000;12000;10000;1024;CrossEntropyLoss();2167;64;0.01;0.1;5;1;VAL;24.4%;2.222635;19.621187
cuda;48000;12000;10000;1024;CrossEntropyLoss();2167;64;0.01;0.1;5;2;TRAIN;39.7%;2.170101;21.033582
cuda;48000;12000;10000;1024;CrossEntropyLoss();2167;64;0.01;0.1;5;2;VAL;52.8%;2.113529;19.296851
cuda;48000;12000;10000;1024;CrossEntropyLoss();2167;64;0.01;0.1;5;3;TRAIN;59.9%;2.044957;17.721582
cuda;48000;12000;10000;1024;CrossEntropyLoss();2167;64;0.01;0.1;5;3;VAL;63.0%;1.974351;16.718480
cuda;48000;12000;10000;1024;CrossEntropyLoss();2167;64;0.01;0.1;5;4;TRAIN;64.9%;1.894430;18.966292
cuda;48000;12000;10000;1024;CrossEntropyLoss();2167;64;0.01;0.1;5;4;VAL;66.4%;1.815663;19.719985
cuda;48000;12000;10000;1024;CrossEntropyLoss();2167;64;0.01;0.1;5;5;TRAIN;67.9%;1.729411;20.096929
cuda;48000;12000;10000;1024;CrossEntropyLoss();2167;64;0.01;0.1;5;5;VAL;68.5%;1.648366;18.436257
cuda;48000;12000;10000;1024;CrossEntropyLoss();2167;64;0.01;0.1;5;;TEST;69.5%;1.633180;6.112695
cuda;48000;12000;10000;1024;CrossEntropyLoss();2167;64;0.01;0.5;5;1;TRAIN;34.7%;2.226405;20.618137
cuda;48000;12000;10000;1024;CrossEntropyLoss();2167;64;0.01;0.5;5;1;VAL;56.8%;2.132650;18.839097
cuda;48000;12000;10000;1024;CrossEntropyLoss();2167;64;0.01;0.5;5;2;TRAIN;66.9%;2.010720;19.925556
cuda;48000;12000;10000;1024;CrossEntropyLoss();2167;64;0.01;0.5;5;2;VAL;70.8%;1.873929;18.030912
cuda;48000;12000;10000;1024;CrossEntropyLoss();2167;64;0.01;0.5;5;3;TRAIN;73.4%;1.714340;17.994200
cuda;48000;12000;10000;1024;CrossEntropyLoss();2167;64;0.01;0.5;5;3;VAL;74.4%;1.558201;17.028521
cuda;48000;12000;10000;1024;CrossEntropyLoss();2167;64;0.01;0.5;5;4;TRAIN;76.5%;1.405511;17.745806
cuda;48000;12000;10000;1024;CrossEntropyLoss();2167;64;0.01;0.5;5;4;VAL;77.6%;1.273116;17.651176
cuda;48000;12000;10000;1024;CrossEntropyLoss();2167;64;0.01;0.5;5;5;TRAIN;79.4%;1.152064;17.938626
cuda;48000;12000;10000;1024;CrossEntropyLoss();2167;64;0.01;0.5;5;5;VAL;80.1%;1.058365;17.248106
cuda;48000;12000;10000;1024;CrossEntropyLoss();2167;64;0.01;0.5;5;;TEST;81.8%;1.025419;6.660661
cuda;48000;12000;10000;1024;CrossEntropyLoss();2167;64;0.01;0.9;5;1;TRAIN;44.5%;2.014194;19.186240
cuda;48000;12000;10000;1024;CrossEntropyLoss();2167;64;0.01;0.9;5;1;VAL;73.2%;1.508584;18.449183
cuda;48000;12000;10000;1024;CrossEntropyLoss();2167;64;0.01;0.9;5;2;TRAIN;79.7%;1.020053;19.722425
cuda;48000;12000;10000;1024;CrossEntropyLoss();2167;64;0.01;0.9;5;2;VAL;82.7%;0.712283;17.990321
cuda;48000;12000;10000;1024;CrossEntropyLoss();2167;64;0.01;0.9;5;3;TRAIN;85.2%;0.591809;18.657958
cuda;48000;12000;10000;1024;CrossEntropyLoss();2167;64;0.01;0.9;5;3;VAL;86.0%;0.525265;18.338874
cuda;48000;12000;10000;1024;CrossEntropyLoss();2167;64;0.01;0.9;5;4;TRAIN;87.5%;0.474187;19.176609
cuda;48000;12000;10000;1024;CrossEntropyLoss();2167;64;0.01;0.9;5;4;VAL;87.7%;0.451344;16.365524
cuda;48000;12000;10000;1024;CrossEntropyLoss();2167;64;0.01;0.9;5;5;TRAIN;88.7%;0.419618;18.845223
cuda;48000;12000;10000;1024;CrossEntropyLoss();2167;64;0.01;0.9;5;5;VAL;88.6%;0.412153;18.084036
cuda;48000;12000;10000;1024;CrossEntropyLoss();2167;64;0.01;0.9;5;;TEST;89.7%;0.384006;5.856482
cuda;48000;12000;10000;1024;CrossEntropyLoss();2167;64;0.1;0.1;5;1;TRAIN;64.7%;1.648966;19.302285
cuda;48000;12000;10000;1024;CrossEntropyLoss();2167;64;0.1;0.1;5;1;VAL;81.1%;0.966602;18.195876
cuda;48000;12000;10000;1024;CrossEntropyLoss();2167;64;0.1;0.1;5;2;TRAIN;84.3%;0.714501;19.981499
cuda;48000;12000;10000;1024;CrossEntropyLoss();2167;64;0.1;0.1;5;2;VAL;85.6%;0.579078;18.500403
cuda;48000;12000;10000;1024;CrossEntropyLoss();2167;64;0.1;0.1;5;3;TRAIN;87.3%;0.504708;19.928179
cuda;48000;12000;10000;1024;CrossEntropyLoss();2167;64;0.1;0.1;5;3;VAL;87.8%;0.467393;16.324145
cuda;48000;12000;10000;1024;CrossEntropyLoss();2167;64;0.1;0.1;5;4;TRAIN;88.7%;0.429054;17.724968
cuda;48000;12000;10000;1024;CrossEntropyLoss();2167;64;0.1;0.1;5;4;VAL;88.7%;0.416610;18.089088
cuda;48000;12000;10000;1024;CrossEntropyLoss();2167;64;0.1;0.1;5;5;TRAIN;89.4%;0.390229;18.961250
cuda;48000;12000;10000;1024;CrossEntropyLoss();2167;64;0.1;0.1;5;5;VAL;89.1%;0.387275;18.156617
cuda;48000;12000;10000;1024;CrossEntropyLoss();2167;64;0.1;0.1;5;;TEST;90.1%;0.361660;5.795226
cuda;48000;12000;10000;1024;CrossEntropyLoss();2167;64;0.1;0.5;5;1;TRAIN;70.3%;1.294564;19.460027
cuda;48000;12000;10000;1024;CrossEntropyLoss();2167;64;0.1;0.5;5;1;VAL;84.4%;0.636691;18.925275
cuda;48000;12000;10000;1024;CrossEntropyLoss();2167;64;0.1;0.5;5;2;TRAIN;87.1%;0.505260;20.087543
cuda;48000;12000;10000;1024;CrossEntropyLoss();2167;64;0.1;0.5;5;2;VAL;87.8%;0.446966;19.784267
cuda;48000;12000;10000;1024;CrossEntropyLoss();2167;64;0.1;0.5;5;3;TRAIN;89.1%;0.400263;20.693501
cuda;48000;12000;10000;1024;CrossEntropyLoss();2167;64;0.1;0.5;5;3;VAL;89.2%;0.387770;19.515469
cuda;48000;12000;10000;1024;CrossEntropyLoss();2167;64;0.1;0.5;5;4;TRAIN;90.0%;0.359473;20.066657
cuda;48000;12000;10000;1024;CrossEntropyLoss();2167;64;0.1;0.5;5;4;VAL;89.6%;0.359595;19.132820
cuda;48000;12000;10000;1024;CrossEntropyLoss();2167;64;0.1;0.5;5;5;TRAIN;90.6%;0.335718;19.858560
cuda;48000;12000;10000;1024;CrossEntropyLoss();2167;64;0.1;0.5;5;5;VAL;90.0%;0.341408;18.585114
cuda;48000;12000;10000;1024;CrossEntropyLoss();2167;64;0.1;0.5;5;;TEST;91.1%;0.312870;5.232855
cuda;48000;12000;10000;1024;CrossEntropyLoss();2167;64;0.1;0.9;5;1;TRAIN;75.6%;0.910538;17.261416
cuda;48000;12000;10000;1024;CrossEntropyLoss();2167;64;0.1;0.9;5;1;VAL;88.7%;0.378033;16.248598
cuda;48000;12000;10000;1024;CrossEntropyLoss();2167;64;0.1;0.9;5;2;TRAIN;90.4%;0.327173;17.439227
cuda;48000;12000;10000;1024;CrossEntropyLoss();2167;64;0.1;0.9;5;2;VAL;90.8%;0.309855;17.468807
cuda;48000;12000;10000;1024;CrossEntropyLoss();2167;64;0.1;0.9;5;3;TRAIN;92.3%;0.269887;18.028577
cuda;48000;12000;10000;1024;CrossEntropyLoss();2167;64;0.1;0.9;5;3;VAL;91.9%;0.274847;16.967548
cuda;48000;12000;10000;1024;CrossEntropyLoss();2167;64;0.1;0.9;5;4;TRAIN;93.3%;0.237744;19.314250
cuda;48000;12000;10000;1024;CrossEntropyLoss();2167;64;0.1;0.9;5;4;VAL;92.7%;0.252926;18.211901
cuda;48000;12000;10000;1024;CrossEntropyLoss();2167;64;0.1;0.9;5;5;TRAIN;94.0%;0.213312;19.780199
cuda;48000;12000;10000;1024;CrossEntropyLoss();2167;64;0.1;0.9;5;5;VAL;93.5%;0.224531;17.286677
cuda;48000;12000;10000;1024;CrossEntropyLoss();2167;64;0.1;0.9;5;;TEST;94.2%;0.199303;5.715115
cuda;48000;12000;10000;1024;CrossEntropyLoss();2167;64;0.5;0.1;5;1;TRAIN;74.9%;0.884931;18.437154
cuda;48000;12000;10000;1024;CrossEntropyLoss();2167;64;0.5;0.1;5;1;VAL;87.2%;0.433773;17.926729
cuda;48000;12000;10000;1024;CrossEntropyLoss();2167;64;0.5;0.1;5;2;TRAIN;89.4%;0.362526;18.150084
cuda;48000;12000;10000;1024;CrossEntropyLoss();2167;64;0.5;0.1;5;2;VAL;90.3%;0.332018;17.214315
cuda;48000;12000;10000;1024;CrossEntropyLoss();2167;64;0.5;0.1;5;3;TRAIN;91.6%;0.294760;17.672393
cuda;48000;12000;10000;1024;CrossEntropyLoss();2167;64;0.5;0.1;5;3;VAL;91.3%;0.291441;16.995445
cuda;48000;12000;10000;1024;CrossEntropyLoss();2167;64;0.5;0.1;5;4;TRAIN;92.5%;0.261017;18.495633
cuda;48000;12000;10000;1024;CrossEntropyLoss();2167;64;0.5;0.1;5;4;VAL;92.6%;0.258844;21.635737
cuda;48000;12000;10000;1024;CrossEntropyLoss();2167;64;0.5;0.1;5;5;TRAIN;93.3%;0.233517;19.340451
cuda;48000;12000;10000;1024;CrossEntropyLoss();2167;64;0.5;0.1;5;5;VAL;93.1%;0.239889;18.812733
cuda;48000;12000;10000;1024;CrossEntropyLoss();2167;64;0.5;0.1;5;;TEST;93.4%;0.224547;6.993765
cuda;48000;12000;10000;1024;CrossEntropyLoss();2167;64;0.5;0.5;5;1;TRAIN;80.7%;0.691361;20.714313
cuda;48000;12000;10000;1024;CrossEntropyLoss();2167;64;0.5;0.5;5;1;VAL;90.4%;0.337813;20.464189
cuda;48000;12000;10000;1024;CrossEntropyLoss();2167;64;0.5;0.5;5;2;TRAIN;91.4%;0.294239;20.770589
cuda;48000;12000;10000;1024;CrossEntropyLoss();2167;64;0.5;0.5;5;2;VAL;91.3%;0.290437;18.925113
cuda;48000;12000;10000;1024;CrossEntropyLoss();2167;64;0.5;0.5;5;3;TRAIN;93.0%;0.243182;20.175461
cuda;48000;12000;10000;1024;CrossEntropyLoss();2167;64;0.5;0.5;5;3;VAL;92.8%;0.241042;18.612496
cuda;48000;12000;10000;1024;CrossEntropyLoss();2167;64;0.5;0.5;5;4;TRAIN;94.1%;0.208254;22.866581
cuda;48000;12000;10000;1024;CrossEntropyLoss();2167;64;0.5;0.5;5;4;VAL;93.7%;0.215435;21.464356
cuda;48000;12000;10000;1024;CrossEntropyLoss();2167;64;0.5;0.5;5;5;TRAIN;94.8%;0.183288;23.402823
cuda;48000;12000;10000;1024;CrossEntropyLoss();2167;64;0.5;0.5;5;5;VAL;94.5%;0.194797;23.050149
cuda;48000;12000;10000;1024;CrossEntropyLoss();2167;64;0.5;0.5;5;;TEST;94.9%;0.176789;6.464033
cuda;48000;12000;10000;1024;CrossEntropyLoss();2167;64;0.5;0.9;5;1;TRAIN;80.9%;0.686836;19.606364
cuda;48000;12000;10000;1024;CrossEntropyLoss();2167;64;0.5;0.9;5;1;VAL;92.0%;0.261082;19.432647
cuda;48000;12000;10000;1024;CrossEntropyLoss();2167;64;0.5;0.9;5;2;TRAIN;94.1%;0.198921;22.742492
cuda;48000;12000;10000;1024;CrossEntropyLoss();2167;64;0.5;0.9;5;2;VAL;94.6%;0.179001;20.207364
cuda;48000;12000;10000;1024;CrossEntropyLoss();2167;64;0.5;0.9;5;3;TRAIN;95.9%;0.138904;21.182624
cuda;48000;12000;10000;1024;CrossEntropyLoss();2167;64;0.5;0.9;5;3;VAL;95.7%;0.144981;21.345742
cuda;48000;12000;10000;1024;CrossEntropyLoss();2167;64;0.5;0.9;5;4;TRAIN;96.7%;0.109786;21.495810
cuda;48000;12000;10000;1024;CrossEntropyLoss();2167;64;0.5;0.9;5;4;VAL;96.0%;0.131522;20.613808
cuda;48000;12000;10000;1024;CrossEntropyLoss();2167;64;0.5;0.9;5;5;TRAIN;97.3%;0.091732;22.776026
cuda;48000;12000;10000;1024;CrossEntropyLoss();2167;64;0.5;0.9;5;5;VAL;96.5%;0.119394;21.871106
cuda;48000;12000;10000;1024;CrossEntropyLoss();2167;64;0.5;0.9;5;;TEST;96.5%;0.112531;8.001470
cuda;48000;12000;10000;1024;CrossEntropyLoss();2167;128;0.01;0.1;5;1;TRAIN;18.5%;2.274277;24.259616
cuda;48000;12000;10000;1024;CrossEntropyLoss();2167;128;0.01;0.1;5;1;VAL;29.5%;2.226936;20.134896
cuda;48000;12000;10000;1024;CrossEntropyLoss();2167;128;0.01;0.1;5;2;TRAIN;36.8%;2.177179;20.398002
cuda;48000;12000;10000;1024;CrossEntropyLoss();2167;128;0.01;0.1;5;2;VAL;43.5%;2.119359;20.287628
cuda;48000;12000;10000;1024;CrossEntropyLoss();2167;128;0.01;0.1;5;3;TRAIN;50.3%;2.056343;22.893683
cuda;48000;12000;10000;1024;CrossEntropyLoss();2167;128;0.01;0.1;5;3;VAL;57.2%;1.986438;19.921724
cuda;48000;12000;10000;1024;CrossEntropyLoss();2167;128;0.01;0.1;5;4;TRAIN;62.4%;1.910533;19.961522
cuda;48000;12000;10000;1024;CrossEntropyLoss();2167;128;0.01;0.1;5;4;VAL;67.0%;1.831508;18.648813
cuda;48000;12000;10000;1024;CrossEntropyLoss();2167;128;0.01;0.1;5;5;TRAIN;69.8%;1.746415;20.892403
cuda;48000;12000;10000;1024;CrossEntropyLoss();2167;128;0.01;0.1;5;5;VAL;72.7%;1.662786;20.008434
cuda;48000;12000;10000;1024;CrossEntropyLoss();2167;128;0.01;0.1;5;;TEST;73.2%;1.647145;10.364603
cuda;48000;12000;10000;1024;CrossEntropyLoss();2167;128;0.01;0.5;5;1;TRAIN;23.4%;2.230921;26.259166
cuda;48000;12000;10000;1024;CrossEntropyLoss();2167;128;0.01;0.5;5;1;VAL;46.1%;2.145970;21.939828
cuda;48000;12000;10000;1024;CrossEntropyLoss();2167;128;0.01;0.5;5;2;TRAIN;58.7%;2.039783;22.660090
cuda;48000;12000;10000;1024;CrossEntropyLoss();2167;128;0.01;0.5;5;2;VAL;66.1%;1.918302;23.841989
cuda;48000;12000;10000;1024;CrossEntropyLoss();2167;128;0.01;0.5;5;3;TRAIN;69.5%;1.775607;21.269645
cuda;48000;12000;10000;1024;CrossEntropyLoss();2167;128;0.01;0.5;5;3;VAL;71.8%;1.628118;17.453869
cuda;48000;12000;10000;1024;CrossEntropyLoss();2167;128;0.01;0.5;5;4;TRAIN;74.2%;1.476095;18.726145
cuda;48000;12000;10000;1024;CrossEntropyLoss();2167;128;0.01;0.5;5;4;VAL;75.8%;1.337802;17.275638
cuda;48000;12000;10000;1024;CrossEntropyLoss();2167;128;0.01;0.5;5;5;TRAIN;78.0%;1.208690;20.418004
cuda;48000;12000;10000;1024;CrossEntropyLoss();2167;128;0.01;0.5;5;5;VAL;78.8%;1.105698;18.739051
cuda;48000;12000;10000;1024;CrossEntropyLoss();2167;128;0.01;0.5;5;;TEST;80.7%;1.074134;6.956286
cuda;48000;12000;10000;1024;CrossEntropyLoss();2167;128;0.01;0.9;5;1;TRAIN;55.1%;1.993665;22.751864
cuda;48000;12000;10000;1024;CrossEntropyLoss();2167;128;0.01;0.9;5;1;VAL;74.6%;1.449773;19.881527
cuda;48000;12000;10000;1024;CrossEntropyLoss();2167;128;0.01;0.9;5;2;TRAIN;80.8%;0.964527;21.242757
cuda;48000;12000;10000;1024;CrossEntropyLoss();2167;128;0.01;0.9;5;2;VAL;83.7%;0.681363;19.430541
cuda;48000;12000;10000;1024;CrossEntropyLoss();2167;128;0.01;0.9;5;3;TRAIN;85.8%;0.571030;21.650285
cuda;48000;12000;10000;1024;CrossEntropyLoss();2167;128;0.01;0.9;5;3;VAL;86.5%;0.512032;20.198241
cuda;48000;12000;10000;1024;CrossEntropyLoss();2167;128;0.01;0.9;5;4;TRAIN;87.9%;0.462815;21.552658
cuda;48000;12000;10000;1024;CrossEntropyLoss();2167;128;0.01;0.9;5;4;VAL;87.8%;0.443616;19.795738
cuda;48000;12000;10000;1024;CrossEntropyLoss();2167;128;0.01;0.9;5;5;TRAIN;88.8%;0.411989;22.833458
cuda;48000;12000;10000;1024;CrossEntropyLoss();2167;128;0.01;0.9;5;5;VAL;88.7%;0.407508;19.558119
cuda;48000;12000;10000;1024;CrossEntropyLoss();2167;128;0.01;0.9;5;;TEST;89.7%;0.377847;7.164209
cuda;48000;12000;10000;1024;CrossEntropyLoss();2167;128;0.1;0.1;5;1;TRAIN;64.3%;1.703721;22.460098
cuda;48000;12000;10000;1024;CrossEntropyLoss();2167;128;0.1;0.1;5;1;VAL;80.5%;1.008639;18.847862
cuda;48000;12000;10000;1024;CrossEntropyLoss();2167;128;0.1;0.1;5;2;TRAIN;84.2%;0.733058;18.531113
cuda;48000;12000;10000;1024;CrossEntropyLoss();2167;128;0.1;0.1;5;2;VAL;85.7%;0.585386;22.341154
cuda;48000;12000;10000;1024;CrossEntropyLoss();2167;128;0.1;0.1;5;3;TRAIN;87.3%;0.509747;26.899634
cuda;48000;12000;10000;1024;CrossEntropyLoss();2167;128;0.1;0.1;5;3;VAL;87.8%;0.471851;25.797571
cuda;48000;12000;10000;1024;CrossEntropyLoss();2167;128;0.1;0.1;5;4;TRAIN;88.5%;0.431625;22.336332
cuda;48000;12000;10000;1024;CrossEntropyLoss();2167;128;0.1;0.1;5;4;VAL;88.6%;0.418271;19.795894
cuda;48000;12000;10000;1024;CrossEntropyLoss();2167;128;0.1;0.1;5;5;TRAIN;89.4%;0.390675;21.966974
cuda;48000;12000;10000;1024;CrossEntropyLoss();2167;128;0.1;0.1;5;5;VAL;89.2%;0.387862;21.368479
cuda;48000;12000;10000;1024;CrossEntropyLoss();2167;128;0.1;0.1;5;;TEST;90.1%;0.358958;8.564510
cuda;48000;12000;10000;1024;CrossEntropyLoss();2167;128;0.1;0.5;5;1;TRAIN;72.0%;1.359494;22.122971
cuda;48000;12000;10000;1024;CrossEntropyLoss();2167;128;0.1;0.5;5;1;VAL;84.5%;0.646730;21.040537
cuda;48000;12000;10000;1024;CrossEntropyLoss();2167;128;0.1;0.5;5;2;TRAIN;87.1%;0.508184;22.731047
cuda;48000;12000;10000;1024;CrossEntropyLoss();2167;128;0.1;0.5;5;2;VAL;88.1%;0.441695;19.455972
cuda;48000;12000;10000;1024;CrossEntropyLoss();2167;128;0.1;0.5;5;3;TRAIN;89.1%;0.397475;22.218477
cuda;48000;12000;10000;1024;CrossEntropyLoss();2167;128;0.1;0.5;5;3;VAL;89.5%;0.383954;20.710218
cuda;48000;12000;10000;1024;CrossEntropyLoss();2167;128;0.1;0.5;5;4;TRAIN;90.1%;0.354428;22.439382
cuda;48000;12000;10000;1024;CrossEntropyLoss();2167;128;0.1;0.5;5;4;VAL;89.7%;0.353953;20.775495
cuda;48000;12000;10000;1024;CrossEntropyLoss();2167;128;0.1;0.5;5;5;TRAIN;90.8%;0.329648;21.580785
cuda;48000;12000;10000;1024;CrossEntropyLoss();2167;128;0.1;0.5;5;5;VAL;90.3%;0.333016;21.507894
cuda;48000;12000;10000;1024;CrossEntropyLoss();2167;128;0.1;0.5;5;;TEST;91.4%;0.307884;9.032608
cuda;48000;12000;10000;1024;CrossEntropyLoss();2167;128;0.1;0.9;5;1;TRAIN;75.7%;0.891059;23.610868
cuda;48000;12000;10000;1024;CrossEntropyLoss();2167;128;0.1;0.9;5;1;VAL;89.0%;0.381495;20.670250
cuda;48000;12000;10000;1024;CrossEntropyLoss();2167;128;0.1;0.9;5;2;TRAIN;90.8%;0.322132;24.060067
cuda;48000;12000;10000;1024;CrossEntropyLoss();2167;128;0.1;0.9;5;2;VAL;90.7%;0.313481;25.054800
cuda;48000;12000;10000;1024;CrossEntropyLoss();2167;128;0.1;0.9;5;3;TRAIN;92.5%;0.266292;25.676809
cuda;48000;12000;10000;1024;CrossEntropyLoss();2167;128;0.1;0.9;5;3;VAL;92.3%;0.267692;21.489321
cuda;48000;12000;10000;1024;CrossEntropyLoss();2167;128;0.1;0.9;5;4;TRAIN;93.5%;0.228631;22.748649
cuda;48000;12000;10000;1024;CrossEntropyLoss();2167;128;0.1;0.9;5;4;VAL;93.0%;0.240395;20.228915
cuda;48000;12000;10000;1024;CrossEntropyLoss();2167;128;0.1;0.9;5;5;TRAIN;94.4%;0.199656;22.487650
cuda;48000;12000;10000;1024;CrossEntropyLoss();2167;128;0.1;0.9;5;5;VAL;94.1%;0.204837;21.673904
cuda;48000;12000;10000;1024;CrossEntropyLoss();2167;128;0.1;0.9;5;;TEST;94.6%;0.186792;8.847670
cuda;48000;12000;10000;1024;CrossEntropyLoss();2167;128;0.5;0.1;5;1;TRAIN;76.8%;0.856935;22.598445
cuda;48000;12000;10000;1024;CrossEntropyLoss();2167;128;0.5;0.1;5;1;VAL;89.0%;0.390905;20.472065
cuda;48000;12000;10000;1024;CrossEntropyLoss();2167;128;0.5;0.1;5;2;TRAIN;89.9%;0.346964;22.600732
cuda;48000;12000;10000;1024;CrossEntropyLoss();2167;128;0.5;0.1;5;2;VAL;90.5%;0.317165;19.521391
cuda;48000;12000;10000;1024;CrossEntropyLoss();2167;128;0.5;0.1;5;3;TRAIN;92.0%;0.281886;20.161521
cuda;48000;12000;10000;1024;CrossEntropyLoss();2167;128;0.5;0.1;5;3;VAL;92.0%;0.271421;18.838766
cuda;48000;12000;10000;1024;CrossEntropyLoss();2167;128;0.5;0.1;5;4;TRAIN;93.0%;0.248390;21.319769
cuda;48000;12000;10000;1024;CrossEntropyLoss();2167;128;0.5;0.1;5;4;VAL;92.8%;0.243778;20.996924
cuda;48000;12000;10000;1024;CrossEntropyLoss();2167;128;0.5;0.1;5;5;TRAIN;93.8%;0.220053;22.411765
cuda;48000;12000;10000;1024;CrossEntropyLoss();2167;128;0.5;0.1;5;5;VAL;93.6%;0.224069;19.930230
cuda;48000;12000;10000;1024;CrossEntropyLoss();2167;128;0.5;0.1;5;;TEST;94.2%;0.202620;9.103120
cuda;48000;12000;10000;1024;CrossEntropyLoss();2167;128;0.5;0.5;5;1;TRAIN;81.7%;0.669690;26.698532
cuda;48000;12000;10000;1024;CrossEntropyLoss();2167;128;0.5;0.5;5;1;VAL;89.6%;0.342692;23.471343
cuda;48000;12000;10000;1024;CrossEntropyLoss();2167;128;0.5;0.5;5;2;TRAIN;91.7%;0.289870;20.167914
cuda;48000;12000;10000;1024;CrossEntropyLoss();2167;128;0.5;0.5;5;2;VAL;92.1%;0.267683;19.483016
cuda;48000;12000;10000;1024;CrossEntropyLoss();2167;128;0.5;0.5;5;3;TRAIN;93.3%;0.233369;21.558659
cuda;48000;12000;10000;1024;CrossEntropyLoss();2167;128;0.5;0.5;5;3;VAL;93.5%;0.226055;19.428576
cuda;48000;12000;10000;1024;CrossEntropyLoss();2167;128;0.5;0.5;5;4;TRAIN;94.4%;0.197959;19.610104
cuda;48000;12000;10000;1024;CrossEntropyLoss();2167;128;0.5;0.5;5;4;VAL;94.3%;0.196260;17.695197
cuda;48000;12000;10000;1024;CrossEntropyLoss();2167;128;0.5;0.5;5;5;TRAIN;95.2%;0.171121;17.312666
cuda;48000;12000;10000;1024;CrossEntropyLoss();2167;128;0.5;0.5;5;5;VAL;94.9%;0.180948;16.251835
cuda;48000;12000;10000;1024;CrossEntropyLoss();2167;128;0.5;0.5;5;;TEST;95.2%;0.165176;5.193114
cuda;48000;12000;10000;1024;CrossEntropyLoss();2167;128;0.5;0.9;5;1;TRAIN;80.9%;0.670440;17.526899
cuda;48000;12000;10000;1024;CrossEntropyLoss();2167;128;0.5;0.9;5;1;VAL;93.5%;0.221577;16.501937
cuda;48000;12000;10000;1024;CrossEntropyLoss();2167;128;0.5;0.9;5;2;TRAIN;95.0%;0.171956;17.425845
cuda;48000;12000;10000;1024;CrossEntropyLoss();2167;128;0.5;0.9;5;2;VAL;95.6%;0.153063;16.418636
cuda;48000;12000;10000;1024;CrossEntropyLoss();2167;128;0.5;0.9;5;3;TRAIN;96.4%;0.119938;17.476141
cuda;48000;12000;10000;1024;CrossEntropyLoss();2167;128;0.5;0.9;5;3;VAL;95.9%;0.138625;16.353616
cuda;48000;12000;10000;1024;CrossEntropyLoss();2167;128;0.5;0.9;5;4;TRAIN;97.2%;0.093689;17.957494
cuda;48000;12000;10000;1024;CrossEntropyLoss();2167;128;0.5;0.9;5;4;VAL;96.7%;0.114565;16.387567
cuda;48000;12000;10000;1024;CrossEntropyLoss();2167;128;0.5;0.9;5;5;TRAIN;97.6%;0.077047;17.688898
cuda;48000;12000;10000;1024;CrossEntropyLoss();2167;128;0.5;0.9;5;5;VAL;96.7%;0.105992;16.375370
cuda;48000;12000;10000;1024;CrossEntropyLoss();2167;128;0.5;0.9;5;;TEST;97.1%;0.095450;5.118096
cuda;48000;12000;10000;1024;CrossEntropyLoss();2167;256;0.01;0.1;5;1;TRAIN;24.2%;2.263942;17.267542
cuda;48000;12000;10000;1024;CrossEntropyLoss();2167;256;0.01;0.1;5;1;VAL;42.0%;2.209926;16.385703
cuda;48000;12000;10000;1024;CrossEntropyLoss();2167;256;0.01;0.1;5;2;TRAIN;53.5%;2.153465;17.444167
cuda;48000;12000;10000;1024;CrossEntropyLoss();2167;256;0.01;0.1;5;2;VAL;62.6%;2.093983;16.284803
cuda;48000;12000;10000;1024;CrossEntropyLoss();2167;256;0.01;0.1;5;3;TRAIN;66.6%;2.024980;17.351277
cuda;48000;12000;10000;1024;CrossEntropyLoss();2167;256;0.01;0.1;5;3;VAL;68.3%;1.954057;17.106244
cuda;48000;12000;10000;1024;CrossEntropyLoss();2167;256;0.01;0.1;5;4;TRAIN;70.5%;1.871453;17.407039
cuda;48000;12000;10000;1024;CrossEntropyLoss();2167;256;0.01;0.1;5;4;VAL;71.2%;1.790388;16.199618
cuda;48000;12000;10000;1024;CrossEntropyLoss();2167;256;0.01;0.1;5;5;TRAIN;72.7%;1.698813;18.901382
cuda;48000;12000;10000;1024;CrossEntropyLoss();2167;256;0.01;0.1;5;5;VAL;73.2%;1.614259;18.115145
cuda;48000;12000;10000;1024;CrossEntropyLoss();2167;256;0.01;0.1;5;;TEST;74.1%;1.593552;6.664012
cuda;48000;12000;10000;1024;CrossEntropyLoss();2167;256;0.01;0.5;5;1;TRAIN;35.3%;2.208858;20.170072
cuda;48000;12000;10000;1024;CrossEntropyLoss();2167;256;0.01;0.5;5;1;VAL;58.1%;2.103145;17.285700
cuda;48000;12000;10000;1024;CrossEntropyLoss();2167;256;0.01;0.5;5;2;TRAIN;66.5%;1.978340;24.134987
cuda;48000;12000;10000;1024;CrossEntropyLoss();2167;256;0.01;0.5;5;2;VAL;72.5%;1.838604;19.025350
cuda;48000;12000;10000;1024;CrossEntropyLoss();2167;256;0.01;0.5;5;3;TRAIN;74.6%;1.682699;19.323340
cuda;48000;12000;10000;1024;CrossEntropyLoss();2167;256;0.01;0.5;5;3;VAL;76.4%;1.526402;19.542649
cuda;48000;12000;10000;1024;CrossEntropyLoss();2167;256;0.01;0.5;5;4;TRAIN;77.6%;1.375686;22.678541
cuda;48000;12000;10000;1024;CrossEntropyLoss();2167;256;0.01;0.5;5;4;VAL;79.1%;1.242690;20.123029
cuda;48000;12000;10000;1024;CrossEntropyLoss();2167;256;0.01;0.5;5;5;TRAIN;80.2%;1.124135;20.508879
cuda;48000;12000;10000;1024;CrossEntropyLoss();2167;256;0.01;0.5;5;5;VAL;80.8%;1.031002;18.891152
cuda;48000;12000;10000;1024;CrossEntropyLoss();2167;256;0.01;0.5;5;;TEST;81.7%;1.002438;5.831725
cuda;48000;12000;10000;1024;CrossEntropyLoss();2167;256;0.01;0.9;5;1;TRAIN;55.3%;1.935909;20.630796
cuda;48000;12000;10000;1024;CrossEntropyLoss();2167;256;0.01;0.9;5;1;VAL;76.7%;1.336711;19.005456
cuda;48000;12000;10000;1024;CrossEntropyLoss();2167;256;0.01;0.9;5;2;TRAIN;81.8%;0.889466;22.922358
cuda;48000;12000;10000;1024;CrossEntropyLoss();2167;256;0.01;0.9;5;2;VAL;84.2%;0.642766;19.921580
cuda;48000;12000;10000;1024;CrossEntropyLoss();2167;256;0.01;0.9;5;3;TRAIN;86.3%;0.546149;22.130704
cuda;48000;12000;10000;1024;CrossEntropyLoss();2167;256;0.01;0.9;5;3;VAL;87.0%;0.495276;21.373029
cuda;48000;12000;10000;1024;CrossEntropyLoss();2167;256;0.01;0.9;5;4;TRAIN;88.0%;0.451396;20.163636
cuda;48000;12000;10000;1024;CrossEntropyLoss();2167;256;0.01;0.9;5;4;VAL;88.3%;0.434600;18.718808
cuda;48000;12000;10000;1024;CrossEntropyLoss();2167;256;0.01;0.9;5;5;TRAIN;88.9%;0.405208;19.113285
cuda;48000;12000;10000;1024;CrossEntropyLoss();2167;256;0.01;0.9;5;5;VAL;88.8%;0.401170;16.955463
cuda;48000;12000;10000;1024;CrossEntropyLoss();2167;256;0.01;0.9;5;;TEST;89.8%;0.372066;5.136803
cuda;48000;12000;10000;1024;CrossEntropyLoss();2167;256;0.1;0.1;5;1;TRAIN;67.1%;1.638865;20.713367
cuda;48000;12000;10000;1024;CrossEntropyLoss();2167;256;0.1;0.1;5;1;VAL;81.2%;0.950990;19.246092
cuda;48000;12000;10000;1024;CrossEntropyLoss();2167;256;0.1;0.1;5;2;TRAIN;84.6%;0.703306;20.855183
cuda;48000;12000;10000;1024;CrossEntropyLoss();2167;256;0.1;0.1;5;2;VAL;85.7%;0.570824;17.208556
cuda;48000;12000;10000;1024;CrossEntropyLoss();2167;256;0.1;0.1;5;3;TRAIN;87.5%;0.499340;17.467146
cuda;48000;12000;10000;1024;CrossEntropyLoss();2167;256;0.1;0.1;5;3;VAL;87.7%;0.464454;17.678138
cuda;48000;12000;10000;1024;CrossEntropyLoss();2167;256;0.1;0.1;5;4;TRAIN;88.7%;0.425510;18.609890
cuda;48000;12000;10000;1024;CrossEntropyLoss();2167;256;0.1;0.1;5;4;VAL;88.5%;0.414449;18.280575
cuda;48000;12000;10000;1024;CrossEntropyLoss();2167;256;0.1;0.1;5;5;TRAIN;89.5%;0.386422;19.131654
cuda;48000;12000;10000;1024;CrossEntropyLoss();2167;256;0.1;0.1;5;5;VAL;89.2%;0.385149;17.058800
cuda;48000;12000;10000;1024;CrossEntropyLoss();2167;256;0.1;0.1;5;;TEST;90.2%;0.357110;5.586026
cuda;48000;12000;10000;1024;CrossEntropyLoss();2167;256;0.1;0.5;5;1;TRAIN;72.7%;1.284573;20.187785
cuda;48000;12000;10000;1024;CrossEntropyLoss();2167;256;0.1;0.5;5;1;VAL;85.0%;0.617978;18.981936
cuda;48000;12000;10000;1024;CrossEntropyLoss();2167;256;0.1;0.5;5;2;TRAIN;87.4%;0.494024;20.254875
cuda;48000;12000;10000;1024;CrossEntropyLoss();2167;256;0.1;0.5;5;2;VAL;88.5%;0.431769;19.241193
cuda;48000;12000;10000;1024;CrossEntropyLoss();2167;256;0.1;0.5;5;3;TRAIN;89.3%;0.390595;25.521824
cuda;48000;12000;10000;1024;CrossEntropyLoss();2167;256;0.1;0.5;5;3;VAL;89.5%;0.376251;22.880532
cuda;48000;12000;10000;1024;CrossEntropyLoss();2167;256;0.1;0.5;5;4;TRAIN;90.3%;0.349238;22.797307
cuda;48000;12000;10000;1024;CrossEntropyLoss();2167;256;0.1;0.5;5;4;VAL;90.0%;0.345339;21.437917
cuda;48000;12000;10000;1024;CrossEntropyLoss();2167;256;0.1;0.5;5;5;TRAIN;90.9%;0.323948;20.794951
cuda;48000;12000;10000;1024;CrossEntropyLoss();2167;256;0.1;0.5;5;5;VAL;90.4%;0.326626;19.929256
cuda;48000;12000;10000;1024;CrossEntropyLoss();2167;256;0.1;0.5;5;;TEST;91.6%;0.302231;7.753091
cuda;48000;12000;10000;1024;CrossEntropyLoss();2167;256;0.1;0.9;5;1;TRAIN;76.6%;0.880047;20.423091
cuda;48000;12000;10000;1024;CrossEntropyLoss();2167;256;0.1;0.9;5;1;VAL;89.2%;0.368473;21.521232
cuda;48000;12000;10000;1024;CrossEntropyLoss();2167;256;0.1;0.9;5;2;TRAIN;91.0%;0.315741;23.783451
cuda;48000;12000;10000;1024;CrossEntropyLoss();2167;256;0.1;0.9;5;2;VAL;91.0%;0.302880;21.246610
cuda;48000;12000;10000;1024;CrossEntropyLoss();2167;256;0.1;0.9;5;3;TRAIN;92.5%;0.263594;20.352391
cuda;48000;12000;10000;1024;CrossEntropyLoss();2167;256;0.1;0.9;5;3;VAL;92.8%;0.256310;19.843588
cuda;48000;12000;10000;1024;CrossEntropyLoss();2167;256;0.1;0.9;5;4;TRAIN;93.8%;0.221526;20.765959
cuda;48000;12000;10000;1024;CrossEntropyLoss();2167;256;0.1;0.9;5;4;VAL;93.6%;0.220018;22.200672
cuda;48000;12000;10000;1024;CrossEntropyLoss();2167;256;0.1;0.9;5;5;TRAIN;94.7%;0.189128;21.681450
cuda;48000;12000;10000;1024;CrossEntropyLoss();2167;256;0.1;0.9;5;5;VAL;94.1%;0.199088;18.489399
cuda;48000;12000;10000;1024;CrossEntropyLoss();2167;256;0.1;0.9;5;;TEST;94.7%;0.179525;5.993937
cuda;48000;12000;10000;1024;CrossEntropyLoss();2167;256;0.5;0.1;5;1;TRAIN;77.1%;0.833942;18.669908
cuda;48000;12000;10000;1024;CrossEntropyLoss();2167;256;0.5;0.1;5;1;VAL;88.9%;0.387087;19.695422
cuda;48000;12000;10000;1024;CrossEntropyLoss();2167;256;0.5;0.1;5;2;TRAIN;90.0%;0.345905;21.650406
cuda;48000;12000;10000;1024;CrossEntropyLoss();2167;256;0.5;0.1;5;2;VAL;90.8%;0.312095;20.867491
cuda;48000;12000;10000;1024;CrossEntropyLoss();2167;256;0.5;0.1;5;3;TRAIN;92.1%;0.277291;22.907229
cuda;48000;12000;10000;1024;CrossEntropyLoss();2167;256;0.5;0.1;5;3;VAL;91.8%;0.274817;20.884255
cuda;48000;12000;10000;1024;CrossEntropyLoss();2167;256;0.5;0.1;5;4;TRAIN;93.0%;0.243861;23.697763
cuda;48000;12000;10000;1024;CrossEntropyLoss();2167;256;0.5;0.1;5;4;VAL;93.0%;0.241180;20.151331
cuda;48000;12000;10000;1024;CrossEntropyLoss();2167;256;0.5;0.1;5;5;TRAIN;94.0%;0.214612;19.844222
cuda;48000;12000;10000;1024;CrossEntropyLoss();2167;256;0.5;0.1;5;5;VAL;93.6%;0.219009;18.377430
cuda;48000;12000;10000;1024;CrossEntropyLoss();2167;256;0.5;0.1;5;;TEST;94.2%;0.200937;6.365438
cuda;48000;12000;10000;1024;CrossEntropyLoss();2167;256;0.5;0.5;5;1;TRAIN;82.1%;0.661792;19.191182
cuda;48000;12000;10000;1024;CrossEntropyLoss();2167;256;0.5;0.5;5;1;VAL;90.2%;0.330606;17.094916
cuda;48000;12000;10000;1024;CrossEntropyLoss();2167;256;0.5;0.5;5;2;TRAIN;91.8%;0.287114;20.890839
cuda;48000;12000;10000;1024;CrossEntropyLoss();2167;256;0.5;0.5;5;2;VAL;92.1%;0.266385;19.207032
cuda;48000;12000;10000;1024;CrossEntropyLoss();2167;256;0.5;0.5;5;3;TRAIN;93.6%;0.226330;20.362842
cuda;48000;12000;10000;1024;CrossEntropyLoss();2167;256;0.5;0.5;5;3;VAL;93.7%;0.215642;22.521378
cuda;48000;12000;10000;1024;CrossEntropyLoss();2167;256;0.5;0.5;5;4;TRAIN;94.6%;0.188516;22.306071
cuda;48000;12000;10000;1024;CrossEntropyLoss();2167;256;0.5;0.5;5;4;VAL;94.6%;0.187375;22.504381
cuda;48000;12000;10000;1024;CrossEntropyLoss();2167;256;0.5;0.5;5;5;TRAIN;95.4%;0.163116;21.074657
cuda;48000;12000;10000;1024;CrossEntropyLoss();2167;256;0.5;0.5;5;5;VAL;95.2%;0.168575;19.156274
cuda;48000;12000;10000;1024;CrossEntropyLoss();2167;256;0.5;0.5;5;;TEST;95.5%;0.154414;6.839161
cuda;48000;12000;10000;1024;CrossEntropyLoss();2167;256;0.5;0.9;5;1;TRAIN;79.3%;0.757148;21.633228
cuda;48000;12000;10000;1024;CrossEntropyLoss();2167;256;0.5;0.9;5;1;VAL;92.3%;0.252974;18.716445
cuda;48000;12000;10000;1024;CrossEntropyLoss();2167;256;0.5;0.9;5;2;TRAIN;94.5%;0.184768;17.620921
cuda;48000;12000;10000;1024;CrossEntropyLoss();2167;256;0.5;0.9;5;2;VAL;95.2%;0.157448;18.066720
cuda;48000;12000;10000;1024;CrossEntropyLoss();2167;256;0.5;0.9;5;3;TRAIN;96.2%;0.122771;19.887173
cuda;48000;12000;10000;1024;CrossEntropyLoss();2167;256;0.5;0.9;5;3;VAL;95.5%;0.138056;17.874227
cuda;48000;12000;10000;1024;CrossEntropyLoss();2167;256;0.5;0.9;5;4;TRAIN;97.0%;0.099494;20.831265
cuda;48000;12000;10000;1024;CrossEntropyLoss();2167;256;0.5;0.9;5;4;VAL;96.1%;0.122424;19.317466
cuda;48000;12000;10000;1024;CrossEntropyLoss();2167;256;0.5;0.9;5;5;TRAIN;97.5%;0.080213;20.747874
cuda;48000;12000;10000;1024;CrossEntropyLoss();2167;256;0.5;0.9;5;5;VAL;96.6%;0.112212;18.797743
cuda;48000;12000;10000;1024;CrossEntropyLoss();2167;256;0.5;0.9;5;;TEST;96.8%;0.102252;5.481277
cuda;48000;12000;10000;1024;CrossEntropyLoss();2167;512;0.01;0.1;5;1;TRAIN;30.3%;2.256503;17.420937
cuda;48000;12000;10000;1024;CrossEntropyLoss();2167;512;0.01;0.1;5;1;VAL;53.1%;2.194645;18.396749
cuda;48000;12000;10000;1024;CrossEntropyLoss();2167;512;0.01;0.1;5;2;TRAIN;62.2%;2.130539;19.851985
cuda;48000;12000;10000;1024;CrossEntropyLoss();2167;512;0.01;0.1;5;2;VAL;67.9%;2.062930;18.868802
cuda;48000;12000;10000;1024;CrossEntropyLoss();2167;512;0.01;0.1;5;3;TRAIN;70.9%;1.986844;19.902422
cuda;48000;12000;10000;1024;CrossEntropyLoss();2167;512;0.01;0.1;5;3;VAL;72.6%;1.908154;19.455952
cuda;48000;12000;10000;1024;CrossEntropyLoss();2167;512;0.01;0.1;5;4;TRAIN;73.7%;1.819615;19.760677
cuda;48000;12000;10000;1024;CrossEntropyLoss();2167;512;0.01;0.1;5;4;VAL;74.6%;1.732068;19.109383
cuda;48000;12000;10000;1024;CrossEntropyLoss();2167;512;0.01;0.1;5;5;TRAIN;75.6%;1.636474;20.387629
cuda;48000;12000;10000;1024;CrossEntropyLoss();2167;512;0.01;0.1;5;5;VAL;76.4%;1.547499;19.785262
cuda;48000;12000;10000;1024;CrossEntropyLoss();2167;512;0.01;0.1;5;;TEST;77.3%;1.527572;6.448689
cuda;48000;12000;10000;1024;CrossEntropyLoss();2167;512;0.01;0.5;5;1;TRAIN;36.9%;2.199974;21.621161
cuda;48000;12000;10000;1024;CrossEntropyLoss();2167;512;0.01;0.5;5;1;VAL;60.6%;2.081994;19.927485
cuda;48000;12000;10000;1024;CrossEntropyLoss();2167;512;0.01;0.5;5;2;TRAIN;67.7%;1.945595;20.582454
cuda;48000;12000;10000;1024;CrossEntropyLoss();2167;512;0.01;0.5;5;2;VAL;72.3%;1.795471;18.515593
cuda;48000;12000;10000;1024;CrossEntropyLoss();2167;512;0.01;0.5;5;3;TRAIN;74.3%;1.630845;18.066506
cuda;48000;12000;10000;1024;CrossEntropyLoss();2167;512;0.01;0.5;5;3;VAL;75.8%;1.469735;16.399960
cuda;48000;12000;10000;1024;CrossEntropyLoss();2167;512;0.01;0.5;5;4;TRAIN;77.8%;1.317661;17.728856
cuda;48000;12000;10000;1024;CrossEntropyLoss();2167;512;0.01;0.5;5;4;VAL;78.9%;1.188334;16.928156
cuda;48000;12000;10000;1024;CrossEntropyLoss();2167;512;0.01;0.5;5;5;TRAIN;80.6%;1.073205;17.768578
cuda;48000;12000;10000;1024;CrossEntropyLoss();2167;512;0.01;0.5;5;5;VAL;81.0%;0.986498;16.404188
cuda;48000;12000;10000;1024;CrossEntropyLoss();2167;512;0.01;0.5;5;;TEST;82.5%;0.955738;4.988830
cuda;48000;12000;10000;1024;CrossEntropyLoss();2167;512;0.01;0.9;5;1;TRAIN;56.4%;1.888928;17.488008
cuda;48000;12000;10000;1024;CrossEntropyLoss();2167;512;0.01;0.9;5;1;VAL;77.5%;1.248178;16.269027
cuda;48000;12000;10000;1024;CrossEntropyLoss();2167;512;0.01;0.9;5;2;TRAIN;82.1%;0.843194;17.485024
cuda;48000;12000;10000;1024;CrossEntropyLoss();2167;512;0.01;0.9;5;2;VAL;84.3%;0.623558;16.911823
cuda;48000;12000;10000;1024;CrossEntropyLoss();2167;512;0.01;0.9;5;3;TRAIN;86.4%;0.534909;19.839269
cuda;48000;12000;10000;1024;CrossEntropyLoss();2167;512;0.01;0.9;5;3;VAL;87.2%;0.486209;19.489563
cuda;48000;12000;10000;1024;CrossEntropyLoss();2167;512;0.01;0.9;5;4;TRAIN;88.3%;0.444335;19.347142
cuda;48000;12000;10000;1024;CrossEntropyLoss();2167;512;0.01;0.9;5;4;VAL;88.4%;0.426918;17.530866
cuda;48000;12000;10000;1024;CrossEntropyLoss();2167;512;0.01;0.9;5;5;TRAIN;89.1%;0.399869;20.729471
cuda;48000;12000;10000;1024;CrossEntropyLoss();2167;512;0.01;0.9;5;5;VAL;89.0%;0.393903;18.694895
cuda;48000;12000;10000;1024;CrossEntropyLoss();2167;512;0.01;0.9;5;;TEST;90.0%;0.367154;10.556220
cuda;48000;12000;10000;1024;CrossEntropyLoss();2167;512;0.1;0.1;5;1;TRAIN;69.2%;1.596327;19.145041
cuda;48000;12000;10000;1024;CrossEntropyLoss();2167;512;0.1;0.1;5;1;VAL;81.9%;0.910260;17.884441
cuda;48000;12000;10000;1024;CrossEntropyLoss();2167;512;0.1;0.1;5;2;TRAIN;84.8%;0.682246;18.494810
cuda;48000;12000;10000;1024;CrossEntropyLoss();2167;512;0.1;0.1;5;2;VAL;86.2%;0.558433;18.493272
cuda;48000;12000;10000;1024;CrossEntropyLoss();2167;512;0.1;0.1;5;3;TRAIN;87.7%;0.490504;21.783674
cuda;48000;12000;10000;1024;CrossEntropyLoss();2167;512;0.1;0.1;5;3;VAL;87.7%;0.456039;17.797997
cuda;48000;12000;10000;1024;CrossEntropyLoss();2167;512;0.1;0.1;5;4;TRAIN;88.9%;0.419241;21.291588
cuda;48000;12000;10000;1024;CrossEntropyLoss();2167;512;0.1;0.1;5;4;VAL;88.8%;0.408631;19.252520
cuda;48000;12000;10000;1024;CrossEntropyLoss();2167;512;0.1;0.1;5;5;TRAIN;89.6%;0.381329;20.470134
cuda;48000;12000;10000;1024;CrossEntropyLoss();2167;512;0.1;0.1;5;5;VAL;89.3%;0.377798;19.062655
cuda;48000;12000;10000;1024;CrossEntropyLoss();2167;512;0.1;0.1;5;;TEST;90.3%;0.351171;7.665570
cuda;48000;12000;10000;1024;CrossEntropyLoss();2167;512;0.1;0.5;5;1;TRAIN;73.5%;1.242594;19.875278
cuda;48000;12000;10000;1024;CrossEntropyLoss();2167;512;0.1;0.5;5;1;VAL;85.7%;0.599860;20.239775
cuda;48000;12000;10000;1024;CrossEntropyLoss();2167;512;0.1;0.5;5;2;TRAIN;87.7%;0.483056;24.377173
cuda;48000;12000;10000;1024;CrossEntropyLoss();2167;512;0.1;0.5;5;2;VAL;88.4%;0.425185;19.617323
cuda;48000;12000;10000;1024;CrossEntropyLoss();2167;512;0.1;0.5;5;3;TRAIN;89.5%;0.385193;19.217890
cuda;48000;12000;10000;1024;CrossEntropyLoss();2167;512;0.1;0.5;5;3;VAL;89.5%;0.371698;19.752970
cuda;48000;12000;10000;1024;CrossEntropyLoss();2167;512;0.1;0.5;5;4;TRAIN;90.5%;0.344287;22.466289
cuda;48000;12000;10000;1024;CrossEntropyLoss();2167;512;0.1;0.5;5;4;VAL;90.0%;0.341513;19.855123
cuda;48000;12000;10000;1024;CrossEntropyLoss();2167;512;0.1;0.5;5;5;TRAIN;91.1%;0.318949;21.468396
cuda;48000;12000;10000;1024;CrossEntropyLoss();2167;512;0.1;0.5;5;5;VAL;90.7%;0.321621;19.433361
cuda;48000;12000;10000;1024;CrossEntropyLoss();2167;512;0.1;0.5;5;;TEST;91.6%;0.298272;9.698100
cuda;48000;12000;10000;1024;CrossEntropyLoss();2167;512;0.1;0.9;5;1;TRAIN;78.7%;0.828695;23.076635
cuda;48000;12000;10000;1024;CrossEntropyLoss();2167;512;0.1;0.9;5;1;VAL;89.3%;0.360980;22.445949
cuda;48000;12000;10000;1024;CrossEntropyLoss();2167;512;0.1;0.9;5;2;TRAIN;91.1%;0.311446;25.974238
cuda;48000;12000;10000;1024;CrossEntropyLoss();2167;512;0.1;0.9;5;2;VAL;91.1%;0.302199;22.198372
cuda;48000;12000;10000;1024;CrossEntropyLoss();2167;512;0.1;0.9;5;3;TRAIN;92.9%;0.252929;23.135509
cuda;48000;12000;10000;1024;CrossEntropyLoss();2167;512;0.1;0.9;5;3;VAL;92.8%;0.250294;21.330392
cuda;48000;12000;10000;1024;CrossEntropyLoss();2167;512;0.1;0.9;5;4;TRAIN;94.0%;0.214215;24.395327
cuda;48000;12000;10000;1024;CrossEntropyLoss();2167;512;0.1;0.9;5;4;VAL;93.9%;0.217415;22.404022
cuda;48000;12000;10000;1024;CrossEntropyLoss();2167;512;0.1;0.9;5;5;TRAIN;94.8%;0.184826;22.001574
cuda;48000;12000;10000;1024;CrossEntropyLoss();2167;512;0.1;0.9;5;5;VAL;94.4%;0.193349;19.270032
cuda;48000;12000;10000;1024;CrossEntropyLoss();2167;512;0.1;0.9;5;;TEST;94.9%;0.176704;6.591172
cuda;48000;12000;10000;1024;CrossEntropyLoss();2167;512;0.5;0.1;5;1;TRAIN;78.2%;0.811086;23.211810
cuda;48000;12000;10000;1024;CrossEntropyLoss();2167;512;0.5;0.1;5;1;VAL;89.1%;0.384288;21.712715
cuda;48000;12000;10000;1024;CrossEntropyLoss();2167;512;0.5;0.1;5;2;TRAIN;90.1%;0.345571;26.288892
cuda;48000;12000;10000;1024;CrossEntropyLoss();2167;512;0.5;0.1;5;2;VAL;90.8%;0.314146;19.601610
cuda;48000;12000;10000;1024;CrossEntropyLoss();2167;512;0.5;0.1;5;3;TRAIN;92.3%;0.273639;23.779654
cuda;48000;12000;10000;1024;CrossEntropyLoss();2167;512;0.5;0.1;5;3;VAL;92.4%;0.263376;22.872159
cuda;48000;12000;10000;1024;CrossEntropyLoss();2167;512;0.5;0.1;5;4;TRAIN;93.2%;0.238266;24.382769
cuda;48000;12000;10000;1024;CrossEntropyLoss();2167;512;0.5;0.1;5;4;VAL;93.2%;0.236627;19.201464
cuda;48000;12000;10000;1024;CrossEntropyLoss();2167;512;0.5;0.1;5;5;TRAIN;94.1%;0.209662;22.104510
cuda;48000;12000;10000;1024;CrossEntropyLoss();2167;512;0.5;0.1;5;5;VAL;93.0%;0.227171;23.794953
cuda;48000;12000;10000;1024;CrossEntropyLoss();2167;512;0.5;0.1;5;;TEST;93.8%;0.207136;7.552261
cuda;48000;12000;10000;1024;CrossEntropyLoss();2167;512;0.5;0.5;5;1;TRAIN;82.1%;0.653598;22.890784
cuda;48000;12000;10000;1024;CrossEntropyLoss();2167;512;0.5;0.5;5;1;VAL;88.8%;0.365171;23.163709
cuda;48000;12000;10000;1024;CrossEntropyLoss();2167;512;0.5;0.5;5;2;TRAIN;92.0%;0.281944;24.253375
cuda;48000;12000;10000;1024;CrossEntropyLoss();2167;512;0.5;0.5;5;2;VAL;92.2%;0.264406;22.179124
cuda;48000;12000;10000;1024;CrossEntropyLoss();2167;512;0.5;0.5;5;3;TRAIN;93.7%;0.223717;24.443470
cuda;48000;12000;10000;1024;CrossEntropyLoss();2167;512;0.5;0.5;5;3;VAL;93.0%;0.228534;21.496278
cuda;48000;12000;10000;1024;CrossEntropyLoss();2167;512;0.5;0.5;5;4;TRAIN;94.7%;0.188721;23.769447
cuda;48000;12000;10000;1024;CrossEntropyLoss();2167;512;0.5;0.5;5;4;VAL;94.3%;0.192052;21.006706
cuda;48000;12000;10000;1024;CrossEntropyLoss();2167;512;0.5;0.5;5;5;TRAIN;95.4%;0.160442;22.934449
cuda;48000;12000;10000;1024;CrossEntropyLoss();2167;512;0.5;0.5;5;5;VAL;94.9%;0.169754;22.878048
cuda;48000;12000;10000;1024;CrossEntropyLoss();2167;512;0.5;0.5;5;;TEST;95.3%;0.153652;8.676568
cuda;48000;12000;10000;1024;CrossEntropyLoss();2167;512;0.5;0.9;5;1;TRAIN;82.8%;0.639895;24.937360
cuda;48000;12000;10000;1024;CrossEntropyLoss();2167;512;0.5;0.9;5;1;VAL;93.4%;0.214608;22.538090
cuda;48000;12000;10000;1024;CrossEntropyLoss();2167;512;0.5;0.9;5;2;TRAIN;95.5%;0.150789;19.857465
cuda;48000;12000;10000;1024;CrossEntropyLoss();2167;512;0.5;0.9;5;2;VAL;96.1%;0.131396;17.325466
cuda;48000;12000;10000;1024;CrossEntropyLoss();2167;512;0.5;0.9;5;3;TRAIN;97.1%;0.098260;23.336718
cuda;48000;12000;10000;1024;CrossEntropyLoss();2167;512;0.5;0.9;5;3;VAL;97.0%;0.104997;21.050697
cuda;48000;12000;10000;1024;CrossEntropyLoss();2167;512;0.5;0.9;5;4;TRAIN;98.0%;0.070858;25.032352
cuda;48000;12000;10000;1024;CrossEntropyLoss();2167;512;0.5;0.9;5;4;VAL;97.4%;0.091834;21.521621
cuda;48000;12000;10000;1024;CrossEntropyLoss();2167;512;0.5;0.9;5;5;TRAIN;98.3%;0.056966;23.080331
cuda;48000;12000;10000;1024;CrossEntropyLoss();2167;512;0.5;0.9;5;5;VAL;97.4%;0.088961;20.074259
cuda;48000;12000;10000;1024;CrossEntropyLoss();2167;512;0.5;0.9;5;;TEST;97.2%;0.087106;7.396646
cuda;48000;12000;10000;1024;CrossEntropyLoss();2167;1024;0.01;0.1;5;1;TRAIN;32.6%;2.235622;22.481279
cuda;48000;12000;10000;1024;CrossEntropyLoss();2167;1024;0.01;0.1;5;1;VAL;55.3%;2.156583;18.070864
cuda;48000;12000;10000;1024;CrossEntropyLoss();2167;1024;0.01;0.1;5;2;TRAIN;64.9%;2.075654;19.892537
cuda;48000;12000;10000;1024;CrossEntropyLoss();2167;1024;0.01;0.1;5;2;VAL;70.4%;1.992576;18.283176
cuda;48000;12000;10000;1024;CrossEntropyLoss();2167;1024;0.01;0.1;5;3;TRAIN;72.0%;1.901074;21.333177
cuda;48000;12000;10000;1024;CrossEntropyLoss();2167;1024;0.01;0.1;5;3;VAL;73.0%;1.809665;20.850522
cuda;48000;12000;10000;1024;CrossEntropyLoss();2167;1024;0.01;0.1;5;4;TRAIN;74.2%;1.709440;22.026451
cuda;48000;12000;10000;1024;CrossEntropyLoss();2167;1024;0.01;0.1;5;4;VAL;74.6%;1.614601;18.537321
cuda;48000;12000;10000;1024;CrossEntropyLoss();2167;1024;0.01;0.1;5;5;TRAIN;76.1%;1.513765;21.328630
cuda;48000;12000;10000;1024;CrossEntropyLoss();2167;1024;0.01;0.1;5;5;VAL;76.4%;1.425170;18.511195
cuda;48000;12000;10000;1024;CrossEntropyLoss();2167;1024;0.01;0.1;5;;TEST;77.9%;1.399713;7.349837
cuda;48000;12000;10000;1024;CrossEntropyLoss();2167;1024;0.01;0.5;5;1;TRAIN;47.6%;2.180088;20.934974
cuda;48000;12000;10000;1024;CrossEntropyLoss();2167;1024;0.01;0.5;5;1;VAL;68.6%;2.034470;20.730703
cuda;48000;12000;10000;1024;CrossEntropyLoss();2167;1024;0.01;0.5;5;2;TRAIN;72.5%;1.871935;21.383340
cuda;48000;12000;10000;1024;CrossEntropyLoss();2167;1024;0.01;0.5;5;2;VAL;74.3%;1.699479;20.708465
cuda;48000;12000;10000;1024;CrossEntropyLoss();2167;1024;0.01;0.5;5;3;TRAIN;76.6%;1.521070;22.020503
cuda;48000;12000;10000;1024;CrossEntropyLoss();2167;1024;0.01;0.5;5;3;VAL;78.0%;1.355205;17.556743
cuda;48000;12000;10000;1024;CrossEntropyLoss();2167;1024;0.01;0.5;5;4;TRAIN;79.9%;1.208070;20.065122
cuda;48000;12000;10000;1024;CrossEntropyLoss();2167;1024;0.01;0.5;5;4;VAL;80.6%;1.088545;19.676879
cuda;48000;12000;10000;1024;CrossEntropyLoss();2167;1024;0.01;0.5;5;5;TRAIN;82.2%;0.983915;20.243890
cuda;48000;12000;10000;1024;CrossEntropyLoss();2167;1024;0.01;0.5;5;5;VAL;82.1%;0.908950;19.434620
cuda;48000;12000;10000;1024;CrossEntropyLoss();2167;1024;0.01;0.5;5;;TEST;83.6%;0.876112;7.030347
cuda;48000;12000;10000;1024;CrossEntropyLoss();2167;1024;0.01;0.9;5;1;TRAIN;59.2%;1.823816;20.448173
cuda;48000;12000;10000;1024;CrossEntropyLoss();2167;1024;0.01;0.9;5;1;VAL;78.9%;1.139999;18.663982
cuda;48000;12000;10000;1024;CrossEntropyLoss();2167;1024;0.01;0.9;5;2;TRAIN;83.2%;0.775746;20.574461
cuda;48000;12000;10000;1024;CrossEntropyLoss();2167;1024;0.01;0.9;5;2;VAL;85.1%;0.591265;17.847497
cuda;48000;12000;10000;1024;CrossEntropyLoss();2167;1024;0.01;0.9;5;3;TRAIN;87.0%;0.510759;18.523691
cuda;48000;12000;10000;1024;CrossEntropyLoss();2167;1024;0.01;0.9;5;3;VAL;87.5%;0.470248;19.411927
cuda;48000;12000;10000;1024;CrossEntropyLoss();2167;1024;0.01;0.9;5;4;TRAIN;88.6%;0.431368;21.462520
cuda;48000;12000;10000;1024;CrossEntropyLoss();2167;1024;0.01;0.9;5;4;VAL;88.5%;0.416742;21.317148
cuda;48000;12000;10000;1024;CrossEntropyLoss();2167;1024;0.01;0.9;5;5;TRAIN;89.3%;0.390255;21.542683
cuda;48000;12000;10000;1024;CrossEntropyLoss();2167;1024;0.01;0.9;5;5;VAL;89.1%;0.386722;19.304518
cuda;48000;12000;10000;1024;CrossEntropyLoss();2167;1024;0.01;0.9;5;;TEST;90.1%;0.358352;7.784769
cuda;48000;12000;10000;1024;CrossEntropyLoss();2167;1024;0.1;0.1;5;1;TRAIN;71.4%;1.502736;21.110076
cuda;48000;12000;10000;1024;CrossEntropyLoss();2167;1024;0.1;0.1;5;1;VAL;83.0%;0.841811;19.559148
cuda;48000;12000;10000;1024;CrossEntropyLoss();2167;1024;0.1;0.1;5;2;TRAIN;85.6%;0.641201;21.540174
cuda;48000;12000;10000;1024;CrossEntropyLoss();2167;1024;0.1;0.1;5;2;VAL;86.6%;0.534134;21.450031
cuda;48000;12000;10000;1024;CrossEntropyLoss();2167;1024;0.1;0.1;5;3;TRAIN;88.0%;0.472320;22.128501
cuda;48000;12000;10000;1024;CrossEntropyLoss();2167;1024;0.1;0.1;5;3;VAL;88.2%;0.443177;21.009978
cuda;48000;12000;10000;1024;CrossEntropyLoss();2167;1024;0.1;0.1;5;4;TRAIN;89.1%;0.407926;23.415135
cuda;48000;12000;10000;1024;CrossEntropyLoss();2167;1024;0.1;0.1;5;4;VAL;89.1%;0.397942;19.931516
cuda;48000;12000;10000;1024;CrossEntropyLoss();2167;1024;0.1;0.1;5;5;TRAIN;89.8%;0.372921;19.206981
cuda;48000;12000;10000;1024;CrossEntropyLoss();2167;1024;0.1;0.1;5;5;VAL;89.5%;0.371860;17.285302
cuda;48000;12000;10000;1024;CrossEntropyLoss();2167;1024;0.1;0.1;5;;TEST;90.6%;0.345803;5.834681
cuda;48000;12000;10000;1024;CrossEntropyLoss();2167;1024;0.1;0.5;5;1;TRAIN;74.9%;1.185580;19.059234
cuda;48000;12000;10000;1024;CrossEntropyLoss();2167;1024;0.1;0.5;5;1;VAL;85.5%;0.577203;18.019076
cuda;48000;12000;10000;1024;CrossEntropyLoss();2167;1024;0.1;0.5;5;2;TRAIN;88.0%;0.467837;18.918959
cuda;48000;12000;10000;1024;CrossEntropyLoss();2167;1024;0.1;0.5;5;2;VAL;88.9%;0.415608;17.277760
cuda;48000;12000;10000;1024;CrossEntropyLoss();2167;1024;0.1;0.5;5;3;TRAIN;89.7%;0.376955;18.791839
cuda;48000;12000;10000;1024;CrossEntropyLoss();2167;1024;0.1;0.5;5;3;VAL;89.7%;0.364793;17.185742
cuda;48000;12000;10000;1024;CrossEntropyLoss();2167;1024;0.1;0.5;5;4;TRAIN;90.6%;0.338429;19.066932
cuda;48000;12000;10000;1024;CrossEntropyLoss();2167;1024;0.1;0.5;5;4;VAL;90.2%;0.335666;17.683793
cuda;48000;12000;10000;1024;CrossEntropyLoss();2167;1024;0.1;0.5;5;5;TRAIN;91.2%;0.313412;19.067125
cuda;48000;12000;10000;1024;CrossEntropyLoss();2167;1024;0.1;0.5;5;5;VAL;90.8%;0.317772;17.737085
cuda;48000;12000;10000;1024;CrossEntropyLoss();2167;1024;0.1;0.5;5;;TEST;91.7%;0.292739;5.721642
cuda;48000;12000;10000;1024;CrossEntropyLoss();2167;1024;0.1;0.9;5;1;TRAIN;80.1%;0.789147;18.323284
cuda;48000;12000;10000;1024;CrossEntropyLoss();2167;1024;0.1;0.9;5;1;VAL;89.5%;0.348693;17.703087
cuda;48000;12000;10000;1024;CrossEntropyLoss();2167;1024;0.1;0.9;5;2;TRAIN;91.4%;0.299168;19.202957
cuda;48000;12000;10000;1024;CrossEntropyLoss();2167;1024;0.1;0.9;5;2;VAL;92.1%;0.271350;17.478589
cuda;48000;12000;10000;1024;CrossEntropyLoss();2167;1024;0.1;0.9;5;3;TRAIN;93.4%;0.234860;19.773239
cuda;48000;12000;10000;1024;CrossEntropyLoss();2167;1024;0.1;0.9;5;3;VAL;93.1%;0.237201;17.809405
cuda;48000;12000;10000;1024;CrossEntropyLoss();2167;1024;0.1;0.9;5;4;TRAIN;94.4%;0.197261;18.438579
cuda;48000;12000;10000;1024;CrossEntropyLoss();2167;1024;0.1;0.9;5;4;VAL;94.2%;0.199219;18.294683
cuda;48000;12000;10000;1024;CrossEntropyLoss();2167;1024;0.1;0.9;5;5;TRAIN;95.4%;0.166320;18.553246
cuda;48000;12000;10000;1024;CrossEntropyLoss();2167;1024;0.1;0.9;5;5;VAL;94.9%;0.174306;17.453731
cuda;48000;12000;10000;1024;CrossEntropyLoss();2167;1024;0.1;0.9;5;;TEST;95.3%;0.156651;6.221919
cuda;48000;12000;10000;1024;CrossEntropyLoss();2167;1024;0.5;0.1;5;1;TRAIN;78.8%;0.776125;18.687512
cuda;48000;12000;10000;1024;CrossEntropyLoss();2167;1024;0.5;0.1;5;1;VAL;89.2%;0.375109;17.726733
cuda;48000;12000;10000;1024;CrossEntropyLoss();2167;1024;0.5;0.1;5;2;TRAIN;90.5%;0.332371;19.155614
cuda;48000;12000;10000;1024;CrossEntropyLoss();2167;1024;0.5;0.1;5;2;VAL;91.0%;0.305157;17.341249
cuda;48000;12000;10000;1024;CrossEntropyLoss();2167;1024;0.5;0.1;5;3;TRAIN;92.3%;0.268445;20.295035
cuda;48000;12000;10000;1024;CrossEntropyLoss();2167;1024;0.5;0.1;5;3;VAL;92.4%;0.260142;20.908149
cuda;48000;12000;10000;1024;CrossEntropyLoss();2167;1024;0.5;0.1;5;4;TRAIN;93.5%;0.230250;23.038423
cuda;48000;12000;10000;1024;CrossEntropyLoss();2167;1024;0.5;0.1;5;4;VAL;93.5%;0.229069;19.545354
cuda;48000;12000;10000;1024;CrossEntropyLoss();2167;1024;0.5;0.1;5;5;TRAIN;94.3%;0.203715;18.515393
cuda;48000;12000;10000;1024;CrossEntropyLoss();2167;1024;0.5;0.1;5;5;VAL;94.1%;0.208720;17.459552
cuda;48000;12000;10000;1024;CrossEntropyLoss();2167;1024;0.5;0.1;5;;TEST;94.7%;0.190719;6.857873
cuda;48000;12000;10000;1024;CrossEntropyLoss();2167;1024;0.5;0.5;5;1;TRAIN;82.5%;0.622818;21.820889
cuda;48000;12000;10000;1024;CrossEntropyLoss();2167;1024;0.5;0.5;5;1;VAL;90.3%;0.328962;20.486529
cuda;48000;12000;10000;1024;CrossEntropyLoss();2167;1024;0.5;0.5;5;2;TRAIN;92.3%;0.272717;22.297932
cuda;48000;12000;10000;1024;CrossEntropyLoss();2167;1024;0.5;0.5;5;2;VAL;92.7%;0.252124;21.854184
cuda;48000;12000;10000;1024;CrossEntropyLoss();2167;1024;0.5;0.5;5;3;TRAIN;94.0%;0.214385;21.710438
cuda;48000;12000;10000;1024;CrossEntropyLoss();2167;1024;0.5;0.5;5;3;VAL;93.7%;0.211937;20.782984
cuda;48000;12000;10000;1024;CrossEntropyLoss();2167;1024;0.5;0.5;5;4;TRAIN;94.9%;0.178582;23.958526
cuda;48000;12000;10000;1024;CrossEntropyLoss();2167;1024;0.5;0.5;5;4;VAL;94.8%;0.179890;20.657591
cuda;48000;12000;10000;1024;CrossEntropyLoss();2167;1024;0.5;0.5;5;5;TRAIN;95.7%;0.151290;20.729452
cuda;48000;12000;10000;1024;CrossEntropyLoss();2167;1024;0.5;0.5;5;5;VAL;95.1%;0.164405;19.471917
cuda;48000;12000;10000;1024;CrossEntropyLoss();2167;1024;0.5;0.5;5;;TEST;95.6%;0.146810;6.975588
cuda;48000;12000;10000;1024;CrossEntropyLoss();2167;1024;0.5;0.9;5;1;TRAIN;83.7%;0.593148;22.062854
cuda;48000;12000;10000;1024;CrossEntropyLoss();2167;1024;0.5;0.9;5;1;VAL;94.2%;0.191388;20.633755
cuda;48000;12000;10000;1024;CrossEntropyLoss();2167;1024;0.5;0.9;5;2;TRAIN;96.0%;0.135930;18.869154
cuda;48000;12000;10000;1024;CrossEntropyLoss();2167;1024;0.5;0.9;5;2;VAL;96.5%;0.122233;17.344524
cuda;48000;12000;10000;1024;CrossEntropyLoss();2167;1024;0.5;0.9;5;3;TRAIN;97.4%;0.087497;20.194363
cuda;48000;12000;10000;1024;CrossEntropyLoss();2167;1024;0.5;0.9;5;3;VAL;97.1%;0.100396;19.881907
cuda;48000;12000;10000;1024;CrossEntropyLoss();2167;1024;0.5;0.9;5;4;TRAIN;98.2%;0.063328;21.684562
cuda;48000;12000;10000;1024;CrossEntropyLoss();2167;1024;0.5;0.9;5;4;VAL;97.4%;0.087440;18.942024
cuda;48000;12000;10000;1024;CrossEntropyLoss();2167;1024;0.5;0.9;5;5;TRAIN;98.6%;0.048509;20.088589
cuda;48000;12000;10000;1024;CrossEntropyLoss();2167;1024;0.5;0.9;5;5;VAL;97.8%;0.079431;22.643958
cuda;48000;12000;10000;1024;CrossEntropyLoss();2167;1024;0.5;0.9;5;;TEST;97.7%;0.075073;9.417914
